"ID.Treatment..Biomass.Notes","newVar"
"1","1;Control;30.3;",0.910359632922336
"2","2;HighN;13.0;",0.563523201271892
"3","3;HighN;NA;broken scale ",0.514576392481104
"4","4;Control;35.3;",0.648436883697286
